{"cameraMode":{"drawMode":0,"name":"Shaded","section":"Shading Mode"},"sceneLighting":true,"audioPlay":false,"sceneViewState":{"showFog":true,"showMaterialUpdate":false,"showSkybox":true,"showFlares":true,"showImageEffects":true,"showParticleSystems":true},"in2DMode":false,"pivot":{"x":0.8244485855102539,"y":1.0869982242584229,"z":-0.46041297912597659},"rotation":{"x":-0.040290046483278278,"y":0.9577141404151917,"z":-0.23114630579948426,"w":-0.16735729575157166},"size":0.4537786841392517,"orthographic":false}